,Tweets,cleaned_tweet
0,"RT @ProfDanielMuijs: A Sunday reminder of this excellent article by @JohnPeterJerrim and @DrSamSims using longitudinal data linked to PISA,‚Ä¶", sunday reminder excellent article   using longitudinal data linked pisa
1,"Want to work in #Wellesley, MA? View our latest opening: https://t.co/PwVnCfHXXg #IT",want work wellesley view latest opening 
2,RT @AdamWSalerno: There is no question the damage that has been done with zoom school. The science is clear. We need five days per week aft‚Ä¶, question damage done zoom school science clear need five days per week aft
3,"RT @SKMorefield: We know - from science and data &amp; all that jazz - that COVID-19 poses little to no risk to children, they rarely pass it t‚Ä¶", know  science data amp jazz  covid19 poses little risk children rarely pass
4,RT @DukeU: .@DukeMedSchool¬†has launched a new ‚Äúpatient first‚Äù curriculum that puts students in the clinic earlier and provides training in‚Ä¶, ¬†has launched new patient first curriculum puts students clinic earlier provides training
5,"RT @bengoldacre: We want epidemiologists and data scientists for our open science revolution.

We will take:
- Grade 7
- Grade 8
- Clinical‚Ä¶"," want epidemiologists data scientists open science revolution

we take
 grade 7
 grade 8
 clinical"
6,@rasmansa Shoddy? Let empirical data guide what the medical community decides serve the patients best. If using pro‚Ä¶ https://t.co/AdZ6FhVbDV, shoddy let empirical data guide medical community decides serve patients best using pro 
7,RT @CallmeAlfredo: Data Science Ghana on clubhouse is planning a discussion on ‚ÄúAnalytics in Ghana‚Äôs Finance Sector: Current State and Oppo‚Ä¶, data science ghana clubhouse planning discussion analytics ghanas finance sector current state oppo
8,"RT @Eli_Krumova: #Docker Masterclass for #MachineLearning &amp; #DataScience üë®üèΩ‚Äçüíª
üëâüèΩhttps://t.co/F5srCPfQ7g

#Bigdata #Analytics #AI #MachineLe‚Ä¶","krumova docker masterclass machinelearning amp datascience 


bigdata analytics ai machinele"
9,MEDICAL SCIENCE Boulder CO USA - CIRES/ NOAA NCEI Magnetometer Data Support Scientist Professional Research Assista‚Ä¶ https://t.co/CS3YzZYjfc,medical science boulder co usa  cires noaa ncei magnetometer data supposcientist professional research assista 
10,"This is a really masterful talk by Sean Taylor. Interesting data science problems at Lyft, well explained. https://t.co/q9gP4ra9RN",really masterful talk sean taylor interesting data science problems lyft well explained 
11,When ‚Äòquick wins‚Äô in data science add up to a long fail https://t.co/Lt8FnzQDGX,quick wins data science add long fail 
12,"RT @capeandcode: You are looking to get into Machine Learning? You most certainly can
Because I believe that if an above-average student li‚Ä¶"," looking get machine learning certainly can
because believe aboveaverage student li"
13,"#Tigray Crisis is taking its toll on the Ethiopian economy. Using high-frequency data &amp; sound science,@steve_hanke‚Ä¶ https://t.co/LmCpJu6ovq",tigray crisis taking toll ethiopian economy using highfrequency data amp sound sciencehanke 
14,"Let us train your #data teams! Get your #free assessment to gauge current skill levels, goals and more, and we'll w‚Ä¶ https://t.co/nZXZz38nbY",let us train data teams get free assessment gauge current skill levels goals well w 
15,"If the username isn't enough reason, there's also science+data!

I just subscribed to bad cattitude https://t.co/YJR6issAHt","username isnt enough reason theres also sciencedata

i subscribed bad cattitude "
16,Data Science From Scratch [curriculum with 20 free online courses] #Learning #machinelearning via‚Ä¶ https://t.co/0YpbK7AvOh,data science scratch curriculum 20 free online courses learning machinelearning via 
17,"@snoble This becomes even harder for ""data science"" codebases since the codes run for a while. Thanks for sharing!", becomes even harder data science codebases since codes run thanks sharing
19,"Data science jobs, pay zoom as digital landscape shifts - Mint https://t.co/qVz5bE5i5Q",data science jobs pay zoom digital landscape shifts  mint 
21,"RT @goddersbloom: The Minoan, Roman, medaevil, warm periods &amp; mini ice age show NO correlation with atmospheric CO2.
Government Corona viru‚Ä¶"," minoan roman medaevil warm periods amp mini ice age show correlation atmospheric co2
government corona viru"
22,@rln_nelson @IanDJbrown2 @quim_david @Tony__Heller @porridgeisgood @BridgetHolmstro @CarlWheatley12 @jasonpaisley‚Ä¶ https://t.co/SXrqHpN5DF,nelson  david heller     
24,"RT @VirginiaSports: Python and Passing Yards: MSDS Students Help UVA Athletics Make Game Time Decisions
#GoHoos | #Wahoowa üî∂üî∑
üîó https://t.c‚Ä¶"," python passing yards msds students help uva athletics make game time decisions
gohoos  wahoowa 
 "
25,"RT @jeff_karr: @allahpundit Driven by ideology, not but science or data.",karr  driven ideology science data
27,"@BereanBos @main_state @Greg_Tolan @TracyBaxter11 BereanBos: ""Science only changes to fit a political narrative.‚Ä¶ https://t.co/JuvBnQJPuQ", state tolan  bereanbos science changes fit political narrative 
29,"RT @McGillNewsMag: In his new book, McGill prof Richard Jean So brings together data science and literary history to examine how the book i‚Ä¶", new book mcgill prof richard jean brings together data science literary history examine book
34,"#Docker Masterclass for #MachineLearning &amp; #DataScience üë®üèΩ‚Äçüíª
üëâüèΩhttps://t.co/F5srCPfQ7g

#Bigdata #Analytics #AI‚Ä¶ https://t.co/OKymAdChgk","docker masterclass machinelearning amp datascience 


bigdata analytics ai "
35,Excellent thread about the many different kinds of bias that can be found in data science. https://t.co/W0T4OHc5WU,excellent thread many different kinds bias found data science 
36,RT @saqibali_ca: #Python and Passing Yards : MSDS Students Help UVA Athletics Make Game Time Decisions ‚Äî School of #DataScience  https://t.‚Ä¶,ca python passing yards  msds students help uva athletics make game time decisions  school datascience  
37,"Finding satellite images for your Data Science project https://t.co/CNdrEu4Thi #bigdata, #datascience, #datascience #ds",finding satellite images data science project  bigdata datascience datascience ds
38,I'll be sifting through this simulation data for the next few days (weeks? months?) and will tweet out some more st‚Ä¶ https://t.co/jjGZNTzZbP,ill sifting simulation data next days weeks months tweet st 
39,"RT @capeandcode: RESOURCES (In Order):

https://t.co/EquVCH8AUh

https://t.co/qDRvM46ojZ

https://t.co/7aRdXojKJq

https://t.co/w87XdiQDWl‚Ä¶"," resources order







"
40,"RT @saadgulzar: If you have a data science background with an interest in social science, come work w Dan Rogger, @mzmehmood &amp; me as a rese‚Ä¶", data science background interest social science come work w dan rogger  amp rese
41,"RT @_Sivasai: #PointofCare #Digital #Cytology With #ArtificialIntelligence for #cervicalcancer Screening in Resource-Limited Setting

#DHPS‚Ä¶","sivasai pointofcare digital cytology artificialintelligence cervicalcancer screening resourcelimited setting

dhps"
42,"RT @Pier_Paolo_28: Deploying Python GitHub Actions to Marketplace by: Kaustubh Gupta on Towards Data Science. 
#DataScience #ArtificialInte‚Ä¶","paolo28 deploying python github actions marketplace kaustubh gupta towards data science 
datascience artificialinte"
44,"RT @SuccessAnalytiX: Success Analytics: The Science of Success

https://t.co/5uYJg4e1qq

#VaathiMANIAEverywhere | #Master
#ArtificialIntell‚Ä¶"," success analytics science success



vaathimaniaeverywhere  master
artificialintell"
45,@jeffreypbishop @martynradzisze1 @akheriaty Wrong. It‚Äôs evident why you erroneously think science is a social endea‚Ä¶ https://t.co/EwXgLmJsHH,   wrong evident erroneously think science social endea 
47,RT @machinelearnflx: How the Economics of Data Science is Creating New Sources of Value https://t.co/EACvniMNrF  #DataScience, economics data science creating new sources value   datascience
48,How the Economics of Data Science is Creating New Sources of Value https://t.co/EACvniMNrF  #DataScience,economics data science creating new sources value   datascience
49,"We guarantee you the best results.
Pay us for;
Essays due
CourseWork
Case study
Philosophy
Assignment 
Research pap‚Ä¶ https://t.co/dnQBTnXpLe","guarantee best results
pay us for
essays due
coursework
case study
philosophy
assignment 
research pap "
51,"@CatRScott Perfect and that aligns with how important it is, based on the science. So now you get some time. In tha‚Ä¶ https://t.co/A7wKA3LhFj", perfect aligns important based science get time tha 
53,"We guarantee you the best results.
Pay us for;
Essays due
CourseWork
Case study
Philosophy
Assignment 
Research pap‚Ä¶ https://t.co/5r6zRBAJHp","guarantee best results
pay us for
essays due
coursework
case study
philosophy
assignment 
research pap "
54,@jacktsilver1 @GovMikeDeWine Well when you start with @DrAmyActon‚Äôs screwups and inability to properly read science‚Ä¶ https://t.co/on48TzhUPn,  well stawith screwups inability properly read science 
55,@ThomasVanRiet2 @OemTrivedi I can only add that theory grads tend to land on their feet whatever they decide to do.‚Ä¶ https://t.co/4o4NCRVr1d,  add theory grads tend land feet whatever decide 
56,Data science and artificial intelligence for the public good #artificialintelligence https://t.co/hEWxcRhSNz,data science artificial intelligence public good artificialintelligence 
57,#Python and Passing Yards : MSDS Students Help UVA Athletics Make Game Time Decisions ‚Äî School of #DataScience‚Ä¶ https://t.co/560QtpOpEY,python passing yards  msds students help uva athletics make game time decisions  school datascience 
58,RT @Datascience__: Machine Learning Mathematics: Study Deep Learning Through Data Science. How to Build Artificial Intelligence Through Con‚Ä¶, machine learning mathematics study deep learning data science build artificial intelligence con
59,RT @jayrosen_nyu: Maybe Dr. Birx should not have tried to convine the nation that Trump had mastered the data and was super-attentive to th‚Ä¶,nyu maybe dr birx tried convine nation trump mastered data superattentive th
60,"RT @JamesfWells: The WHO says chlorine level of 15mg.min/litre is sufficient to kill viruses such as Covid-19

Follow the science and the d‚Ä¶"," says chlorine level 15mgminlitre sufficient kill viruses covid19

follow science"
61,"RT @byLilyV: #FEATURED #COURSES

Machine Learning, Data Science and Deep Learning with Python

Complete hands-on #machine #learning tutoria‚Ä¶"," featured courses

machine learning data science deep learning python

complete handson machine learning tutoria"
64,@sciSonja @ekadamer Do you do science to publish papersor to learn how universe works. Many pi‚Äôs are more excited a‚Ä¶ https://t.co/kbmM62JmUh,  science publish papersor learn universe works many pis excited 
65,"RT @JustTheNews: .@NASA releases haunting music made from telescopic data of black holes, galaxies https://t.co/jhFyDSPI5U #JustTheNews",  releases haunting music made telescopic data black holes galaxies  justthenews
67,"RT @Pier_Paolo_28: Easy Language Translation using mBART-50 and Hugging Face by: Dhilip Subramanian on Towards Data Science. 
#DataScience‚Ä¶","paolo28 easy language translation using mbart50 hugging face dhilip subramanian towards data science 
datascience"
68,"RT @plaforscience: Ioannidis The Great keeps refining it's Infection Fatality Rate calculation.

Global Rate for Covid is now on 0,15%
Flu‚Ä¶"," ioannidis great keeps refining infection fatality rate calculation

global rate covid 015
flu"
69,"RT @Pier_Paolo_28: DL Model Compression by: Zixuan Zhang on Towards Data Science. 
#DataScience #ArtificialIntelligence #MachineLearning #B‚Ä¶","paolo28 dl model compression zixuan zhang towards data science 
datascience artificialintelligence machinelearning b"
72,COCOANUTS BECAUSE THE TOYOTA STOP SAYING FART MORE THINGS RICK ASTLEY FART CIVILIZATION LEAGUE OF LEGENDS PET SPAM.‚Ä¶ https://t.co/u3XOXv1mE8,cocoanuts toyota stop saying famore things rick astley facivilization league legends pet spam 
78,"RT @lewis_mayling: The debate on the use of algorithms in policing needs to be more rich, more detailed, more about science and ethics than‚Ä¶",mayling debate use algorithms policing needs rich detailed science ethics
79,Bridging the Divide: How Citizen Science Can Help Narrow the Gender Data Gap https://t.co/CYAN5bzHJ5,bridging divide citizen science help narrow gender data gap 
82,"We ensure good grades in
PowerPoint
Computer science 
Geometry
Psychology
Sociology
Data analysis
Thesis
Projects
P‚Ä¶ https://t.co/EUS7vhq2aN","ensure good grades in
powerpoint
computer science 
geometry
psychology
sociology
data analysis
thesis
projects
p "
83,Easy Language Translation using mBART-50 and Hugging Face by: Dhilip Subramanian on Towards Data Science.‚Ä¶ https://t.co/u3TCmDi8eG,easy language translation using mbart50 hugging face dhilip subramanian towards data science 
84,"DL Model Compression by: Zixuan Zhang on Towards Data Science. 
#DataScience #ArtificialIntelligence‚Ä¶ https://t.co/HXM96QWROy","dl model compression zixuan zhang towards data science 
datascience artificialintelligence "
85,"Deploying Python GitHub Actions to Marketplace by: Kaustubh Gupta on Towards Data Science. 
#DataScience‚Ä¶ https://t.co/6EUk2FgkHI","deploying python github actions marketplace kaustubh gupta towards data science 
datascience "
86,"RT @_Sivasai: The emerging plasticity of SARS-CoV-2

#DHPSP #MedTwitterAI #smartphone #ultrasensitive #COVID„Éº19 #COVID19diagnosis #HealthTe‚Ä¶","sivasai emerging plasticity sarscov2

dhpsp medtwitterai smartphone ultrasensitive covid19 covid19diagnosis healthte"
87,RT @3novices: Vladimir Putin felt minor side effects from Covid vaccine https://t.co/boefCNtmCU #3Novices #Meghashyam Thiruveedula #Data Sc‚Ä¶, vladimir putin felt minor side effects covid vaccine  3novices meghashyam thiruveedula data sc
88,@MattNorlander @DanWolken ‚ÄúObjective data‚Äù...somebody needs a lesson on data science.,  objective datasomebody needs lesson data science
93,"#RT @VirginiaSports: Python and Passing Yards: MSDS Students Help UVA Athletics Make Game Time Decisions
#GoHoos |‚Ä¶ https://t.co/V1dwceum9D"," python passing yards msds students help uva athletics make game time decisions
gohoos  "
94,Machine Learning Mathematics: Study Deep Learning Through Data Science. How to Build Artificial Intelligence Throug‚Ä¶ https://t.co/Bl6wcTDvpT,machine learning mathematics study deep learning data science build artificial intelligence throug 
97,RT @yanjun_han: I'm teaching a new course at Stanford this spring! It will be an advanced course on information-theoretic lower bounds in d‚Ä¶,han im teaching new course stanford spring advanced course informationtheoretic lower bounds
98,@J27Young @DEFUNDLIBERALS @CP24 Wait are you calling me using statistics bro science? Because I used actual concret‚Ä¶ https://t.co/njyyiVSx2j,   wait calling using statistics bro science used actual concret 
99,@Breaking911 What‚Äôs the ‚Äúscience‚Äù behind this statement from Fauci? ü§î We have enough data at this point that opinio‚Ä¶ https://t.co/16s44Eyt97, whats science behind statement fauci  enough data point opinio 
102,RT @eco_puni: If you spend more time (i) analyzing (eg p value) and (ii) visualizing (eg ggplot) data - than reading/comprehending to inter‚Ä¶,puni spend time analyzing eg p value ii visualizing eg ggplot data  readingcomprehending inter
103,@Pouriaaa @john_actuary @BroggioJohn @fascinatorfun @VictimOfMaths @guardian It should be straightforward but it is‚Ä¶ https://t.co/dNnLIYkY3p, actuary     straightforward 
105,RT @AlzheimerEurope: .@AlzResearchUK announces three-year partnership with @BUmemoryloss to collaborate in data collection for the @EDoNIni‚Ä¶,  announces threeyear partnership  collaborate data collection 
109,"RT @machinelearnflx: Python required for AI, Machine Learning &amp; Data Science 2020 https://t.co/YyQXv810mh  #machinelearning #ad", python required ai machine learning amp data science 2020   machinelearning ad
110,"RT @JTEaston61: @sawyervanhorn17 .@paultenhaken has a year under his belt to learn these lessons on Covid, but there you are. State basketb‚Ä¶",   year belt learn lessons covid state basketb
111,@Frunobulaxe @POdPatriot You can throw science and data in there too as overused empty words,  throw science data overused empty words
112,"@ZeroIssueVoter @RealPatSawyer @NeilShenvi Of course.

If science show inter-generational reliability issues, it wo‚Ä¶ https://t.co/8Citv4AMuH","   course

if science show intergenerational reliability issues wo "
113,"RT @CockCopper: @art_interesting @ccurtis70 @mansoortshams Be careful, the ""i fuckin luv science!!!!"" crowd get really hostile when they se‚Ä¶", interesting   careful fuckin luv science crowd get really hostile se
114,"RT @freeCodeCamp: If you want to be a data scientist you should practice your data wrangling skills often.

And you can do that by working‚Ä¶"," want data scientist practice data wrangling skills often

and working"
115,Are you a data scientist interested in #AI workflows? You won't want to miss the @KPMG_US and @RedHat session at‚Ä¶ https://t.co/Qi75OOmQUM,data scientist interested ai workflows wont want miss us  session 
116,RT @UK_CEH: Invasive non-native species are one of the top 5 threats to #biodiversity worldwide. From prioritised lists of species of conce‚Ä¶,ceh invasive nonnative species one top 5 threats biodiversity worldwide prioritised lists species conce
117,"It was also the center of science and controls a monopoly of scientific data, literature, ""degree"". There is a reas‚Ä¶ https://t.co/dvwcSCNHsd",also center science controls monopoly scientific data literature degree reas 
118,"@rushworth_a Agreed! And despite statisticians have been around doing this work for ages, said work only gets mains‚Ä¶ https://t.co/BD50A8YXZC",agreed despite statisticians around work ages said work gets mains 
119,RT @TARTLEofficial: Listen now! https://t.co/kcXCjDxlc4 The Science of Data and Fiber Optic Sensors https://t.co/S11w4lH0wm, listen  science data fiber optic sensors 
120,"We help ensure you get good grades in;
Spring classes 
‚àöFinal paper
Culculus
‚àöPowerPoint
‚àöComputer science 
Maths
‚àö‚Ä¶ https://t.co/9pbINiXUbm","help ensure get good grades in
spring classes 
final paper
culculus
powerpoint
computer science 
maths
 "
121,RT @pewtrusts: ‚ÄúPolicy should not be made in a data-free zone.‚Äù Dr. Anthony Fauci discusses how science should inform policymaking in Pew‚Äôs‚Ä¶, policy made datafree zone dr anthony fauci discusses science inform policymaking pews
122,"@ChargersV8 Aloha Jamison, in November 2020, we announced that social distancing on-board will be discontinued effe‚Ä¶ https://t.co/Z0nRVurmLs", aloha jamison november 2020 announced social distancing onboard discontinued effe 
124,"We help ensure you get good grades in;
Spring classes 
‚àöFinal paper
Culculus
‚àöPowerPoint
‚àöComputer science 
Maths
‚àö‚Ä¶ https://t.co/jLoUPvDcfG","help ensure get good grades in
spring classes 
final paper
culculus
powerpoint
computer science 
maths
 "
125,@john_actuary @Pouriaaa @BroggioJohn @fascinatorfun @VictimOfMaths @guardian The use of a defendable/reasonable met‚Ä¶ https://t.co/TIcIJd1KZV,actuary      use defendablereasonable met 
127,"RT @Ronald_vanLoon: 17 types of similarity and dissimilarity measures used in #DataScience.
by Mahmoud Harmouch @TDataScience @Medium

Lear‚Ä¶","vanloon 17 types similarity dissimilarity measures used datascience
by mahmoud harmouch  

lear"
129,"@philosophyinks2 @acharya_molly My initial thinking with Study, Source, Scholarship was to include two pieces of so‚Ä¶ https://t.co/L3OolfPeCL", molly initial thinking study source scholarship include two pieces 
130,"The Playbook to Monitor Your Model‚Äôs Performance in Production | by Aparna Dhinakaran | Mar, 2021 | Towards Data Sc‚Ä¶ https://t.co/oEnOa7a4RL",playbook monitor models performance production  aparna dhinakaran  mar 2021  towards data sc 
132,All about Use Of Data Science by Mohan Rai https://t.co/RLqub8e8Il #dsc_Article #dsc_hash_MohanRai44214,use data science mohan rai  dscarticle dschashmohanrai44214
134,Join us on 3/30 at 8pm ET for a women-led panel on the various paths into computer science and data science. Paneli‚Ä¶ https://t.co/unyuycRzpC,join us 330 8pm et womenled panel various paths computer science data science paneli 
137,"Python and Passing Yards: MSDS Students Help UVA Athletics Make Game Time Decisions
#GoHoos | #Wahoowa üî∂üî∑
üîó‚Ä¶ https://t.co/vGpukzoRkX","python passing yards msds students help uva athletics make game time decisions
gohoos  wahoowa 
 "
138,"RT @kdnuggets: 8 Fundamental #Statistical Concepts for Data Science, explained #DataScience https://t.co/YP3StBWIL0 https://t.co/IwpSczKmF5", 8 fundamental statistical concepts data science explained datascience  
139,RT @BipolarManager: Preparing for the interview (hiring data scientist for my team) today. I have more data engineering background and less‚Ä¶, preparing interview hiring data scientist team today data engineering background less
141,The 10 Free Must-Read eBooks for Data Science #MachineLearning #learning via https://t.co/bDTgBUIWtG https://t.co/obWOYeLS81,10 free mustread ebooks data science machinelearning learning via  
142,"Python required for AI, Machine Learning &amp; Data Science 2020 https://t.co/YyQXv810mh  #machinelearning #ad",python required ai machine learning amp data science 2020   machinelearning ad
143,"RT @jobsdotwales: New Job Vacancy -  Senior Analyst - Python, SQL, Factset (FTC) - London - ¬£55,000 to ¬£62,000: Essential * Strong experien‚Ä¶", new job vacancy   senior analyst  python sql factset ftc  london  55000 62000 essential  strong experien
144,"We assure you the best
Essays due
CourseWork
Case study
Philosophy
Assignment 
Research paper 
Paper pay
Homework
D‚Ä¶ https://t.co/pu8zVgtXI5","assure best
essays due
coursework
case study
philosophy
assignment 
research paper 
paper pay
homework
d "
145,"RT @chi2innovations: Some Irresistible Integrals, Computed Using Statistical Concepts
https://t.co/yKMmAjhR84 | Data Science Central"," irresistible integrals computed using statistical concepts
  data science central"
146,@agtmadcat Always on the lookout for reliable data! This new article seems rather intriguing. /jt https://t.co/7s132aXy5l, always lookout reliable data new article seems rather intriguing jt 
147,RT @CoolerData: Value of ‚ÄúExperience Based‚Äù Certification Approach in Data Science https://t.co/TRYHBchtta #GetMoreInsights #CoolerData #Da‚Ä¶, value experience based certification approach data science  getmoreinsights coolerdata da
148,"RT @lorrainestv_ads: I find I am starting to feel sorry for @CMO_England , he was just a #UsefulIdiot .As @BorisJohnson is now clearly not‚Ä¶",ads find starting feel sorry england  usefulidiot  clearly
151,"RT @UoL_UGrad_LSE: The University of London offers online BSc degrees in finance, accounting, economics, international relations, business‚Ä¶",ugradlse university london offers online bsc degrees finance accounting economics international relations business
152,Value of ‚ÄúExperience Based‚Äù Certification Approach in Data Science https://t.co/TRYHBchtta #GetMoreInsights‚Ä¶ https://t.co/W4ZxcFDwed,value experience based certification approach data science  getmoreinsights 
153,"@zeynep Mine too; curse of the systems engineer. I‚Äôve published in modeling, diabetes epi, hospital performance/str‚Ä¶ https://t.co/fRBIhkI6fV", mine curse systems engineer ive published modeling diabetes epi hospital performancestr 
155,Make a seamless entry into the bioinformatics and big data analysis field by joining our basic OmicsLogic training‚Ä¶ https://t.co/XEHvPHJ7Qr,make seamless entry bioinformatics big data analysis field joining basic omicslogic training 
157,Value of ‚ÄúExperience Based‚Äù Certification Approach in Data Science https://t.co/XRHV85ZuM6 https://t.co/NNgZyyD51H,value experience based certification approach data science  
158,RT Value of ‚ÄúExperience Based‚Äù Certification Approach in Data Science https://t.co/4cx5ls0Srp‚Ä¶ https://t.co/sM6VwR8i0l,value experience based certification approach data science  
159,"RT @AntonSpisak: I've been looking for some R&amp;D data recently. And, for all the talk of being the science and technology superpower, it's *‚Ä¶", ive looking rampd data recently talk science technology superpower 
160,"New Job Vacancy -  Senior Analyst - Python, SQL, Factset (FTC) - London - ¬£55,000 to ¬£62,000: Essential * Strong ex‚Ä¶ https://t.co/2KOPU25WPS",new job vacancy   senior analyst  python sql factset ftc  london  55000 62000 essential  strong ex 
163,I am so proud and honored to be a @WiDS_Worldwide  ambassador and very excited to bring the Global Women in Data Sc‚Ä¶ https://t.co/RvqHPUzsZm,proud honored worldwide  ambassador excited bring global women data sc 
164,@lots2no @jhaskinscabrera Go and let‚Äôs see this legitimate evidence that these are useless and should be pushed bac‚Ä¶ https://t.co/KYGNwqk0R5,  go lets see legitimate evidence useless pushed bac 
165,"RT @bengoldacre: WE ARE HIRING

Last round for a bit, so last chance.

We want great EPIDEMIOLOGY or DATA SCIENCE people who buy into our v‚Ä¶"," hiring

last round bit last chance

we want great epidemiology data science people buy v"
168,"We assure you the best
Case study
Philosophy
Assignment 
Research paper 
Paper pay
Homework
Data base..
Thesis.
Com‚Ä¶ https://t.co/Xw3spljd8a","assure best
case study
philosophy
assignment 
research paper 
paper pay
homework
data base
thesis
com "
169,"RT @tracey_saxby: Lack of transparency, unwillingness to share data, inadequate testing, ignoring science‚Ä¶ why?

@DrBonnieHenry &amp; @adriandi‚Ä¶","saxby lack transparency unwillingness share data inadequate testing ignoring science why

 amp "
172,"This is not just a story of the creativity of humanity. It's a story of how often we allow ""the data"" to limit our‚Ä¶ https://t.co/cLlGsorU26",story creativity humanity story often allow data limit 
173,"Listen to audio papers and author interviews on the @AgingJrnl soundcloud account
https://t.co/HSkmcudPQ3 #Science‚Ä¶ https://t.co/8EFxG02fCA","listen audio papers author interviews  soundcloud account
 science "
175,RT @odsc: Just 2 days to go until the leading data science virtual training conference! Don‚Äôt miss your chance to learn from the best and b‚Ä¶, 2 days go leading data science virtual training conference dont miss chance learn best b
176,Excellent set of data science/programming Qs to work through (by @jthandy in this week's newsletter)‚Ä¶ https://t.co/0su7a8sNSP,excellent set data scienceprogramming qs work  weeks newsletter 
178,"RT @KirkDBorne: I will be presenting 2 training sessions at #ODSCEast Virtual Conference this coming week: https://t.co/pCfg2K21LO
+
Regist‚Ä¶"," presenting 2 training sessions odsceast virtual conference coming week 

regist"
181,"RT @fperez_org: Well said Eric! @choldgraf is a gem of the open source community, working tirelessly for @ProjectJupyter, @2i2c,  JupyterBo‚Ä¶",org well said eric  gem open source community working tirelessly    jupyterbo
184,"Pay us to do your;
Psychology
History
Trigonometry
Science
Sociology
Data analysis
Thesis.
Chemistry
Projects
Pay w‚Ä¶ https://t.co/NGscZwelPx","pay us your
psychology
history
trigonometry
science
sociology
data analysis
thesis
chemistry
projects
pay w "
185,"We assure you the best
Essays due
CourseWork
Case study
Philosophy
Assignment 
Research paper 
Paper pay
Homework
D‚Ä¶ https://t.co/MT9pJjDWQC","assure best
essays due
coursework
case study
philosophy
assignment 
research paper 
paper pay
homework
d "
186,"@Sflecce The plan is once the trials have been completed for children, and the data is good, they will be vaccinate‚Ä¶ https://t.co/oKQFyzukdG", plan trials completed children data good vaccinate 
187,@Aella_Girl I never understand how raw data and religion have anything to do with each other... Science has always‚Ä¶ https://t.co/6gkPud9Jfc,girl never understand raw data religion anything science always 
188,"RT @ScottGottliebMD: We knew that faulty data and gaps were making our response to Covid more difficult, and less effective. We knew that l‚Ä¶", knew faulty data gaps making response covid difficult less effective knew l
190,Analysis of Contemporary Trends in Data Science Applications in Cyber Security https://t.co/X8rYRLMG0j‚Ä¶ https://t.co/QizSjpjcSS,analysis contemporary trends data science applications cyber security  
191,When mf put Science &amp; Data 1st! https://t.co/uEnjzEQ1Rj https://t.co/y4DESkKtzo,mf put science amp data 1st  
194,@StellaParton I can understand the press conference awkwardness when he proposed the disinfectant/light treatment.‚Ä¶ https://t.co/VAokZxVDIe, understand press conference awkwardness proposed disinfectantlight treatment 
195,"RT @ai_jobsNET: HIRING: Data Science Manager, Homes Platform / San Francisco, CA - https://t.co/WVmBoztDHj #AI #MachineLearning #DataJobs #‚Ä¶",jobsnet hiring data science manager homes platform  san francisco ca   ai machinelearning datajobs 
197,Just 2 days to go until the leading data science virtual training conference! Don‚Äôt miss your chance to learn from‚Ä¶ https://t.co/PTErkyKkqB,2 days go leading data science virtual training conference dont miss chance learn 
